<?xml version="1.0" encoding="UTF-8"?>
<beans xmlns="http://www.springframework.org/schema/beans"
       xmlns:xsi="http://www.w3.org/2001/XMLSchema-instance"
       xmlns:context="http://www.springframework.org/schema/context"
       xmlns:mvc="http://www.springframework.org/schema/mvc"
       xsi:schemaLocation="http://www.springframework.org/schema/beans
           http://www.springframework.org/schema/beans/spring-beans.xsd
           http://www.springframework.org/schema/context
           http://www.springframework.org/schema/context/spring-context.xsd
		   http://www.springframework.org/schema/mvc
		   http://www.springframework.org/schema/mvc/spring-mvc.xsd">
    <context:component-scan base-package="com.te.micoservice">
    </context:component-scan>
    <bean id="properties" class="org.springframework.beans.factory.config.PropertiesFactoryBean">
        <property name="locations">
            <list>
                <value>classpath:properties/*.properties</value>
            </list>
        </property>
    </bean>
    <bean id="propertyConfigurer" class="org.springframework.beans.factory.config.PropertyPlaceholderConfigurer">
        <property name="properties" ref="properties"></property>
    </bean>
    <mvc:annotation-driven>
        <mvc:message-converters register-defaults="true">
            <bean class="org.springframework.http.converter.StringHttpMessageConverter">
                <constructor-arg value="UTF-8"/>
            </bean>
        </mvc:message-converters>
    </mvc:annotation-driven>
    <!--设置配置方案 -->
    <mvc:annotation-driven/>
    <!--使用默认的Servlet来响应静态文件-->
    <mvc:default-servlet-handler/>
    <bean class="org.springframework.web.servlet.view.InternalResourceViewResolver">
        <property name="viewClass" value="org.springframework.web.servlet.view.JstlView"/>
        <property name="prefix" value="/WEB-INF/jsp"/>
        <property name="suffix" value=".jsp"/>
    </bean>
    <!--<bean claMicoSerInitInit"/>-->
    <import resource="datasource-config.xml"></import>
</beans>